{"accuracy": [0.9030500054359436, 0.9690499901771545, 0.9762499928474426, 0.981083333492279, 0.9841333627700806, 0.9865333437919617, 0.9878833293914795, 0.9886999726295471, 0.9901000261306763, 0.9902333617210388], "val_accuracy": [0.9797000288963318, 0.9848999977111816, 0.9873999953269958, 0.9868999719619751, 0.9897000193595886, 0.989799976348877, 0.9911999702453613, 0.9912999868392944, 0.9911999702453613, 0.9908999800682068], "loss": [0.3187426030635834, 0.10586342960596085, 0.07858612388372421, 0.06409003585577011, 0.054410699754953384, 0.04598669335246086, 0.040971506386995316, 0.03661060333251953, 0.03330279514193535, 0.031308505684137344], "val_loss": [0.06189564988017082, 0.04741056263446808, 0.03764389827847481, 0.0419694222509861, 0.031194113194942474, 0.030223459005355835, 0.027437696233391762, 0.02652124874293804, 0.026574786752462387, 0.02770666778087616], "confusion_matrix": [[978, 0, 0, 0, 0, 0, 0, 1, 1, 0], [0, 1132, 1, 2, 0, 0, 0, 0, 0, 0], [2, 1, 1017, 0, 1, 0, 0, 9, 2, 0], [0, 0, 0, 1001, 0, 3, 0, 5, 1, 0], [0, 0, 0, 0, 979, 0, 1, 1, 0, 1], [1, 0, 0, 4, 0, 885, 1, 1, 0, 0], [4, 3, 0, 0, 3, 2, 946, 0, 0, 0], [0, 2, 3, 0, 0, 0, 0, 1022, 1, 0], [2, 0, 3, 1, 1, 0, 0, 2, 963, 2], [1, 2, 0, 1, 7, 5, 0, 4, 3, 986]]}